Date (undefined);x (au);y (au);z (au);Dobs (au);Phase (deg);VMag (mag);vx (au/d);vy (au/d);vz (au/d);Vr (km/s)
2019-09-09T17:37:18.178;-0.717515605329;-0.049522835071;0.040118463817;0.720340645961;0;-5.18;0.001256408093;-0.020262015627;-0.000603493468;0.1868339
2019-09-10T17:37:18.178;-0.715975403132;-0.069762566205;0.039499173223;0.720449705544;0;-5.18;0.001823752108;-0.020214805734;-0.000635004418;0.190805
2019-09-11T17:37:18.178;-0.713868671111;-0.089947097366;0.03884862806;0.720561014641;0;-5.18;0.002389393151;-0.020151625947;-0.000665998572;0.1946233
2019-09-12T17:37:18.178;-0.711197337931;-0.110060490274;0.03816735732;0.720674484191;0;-5.18;0.002952880264;-0.020072541606;-0.000696451613;0.198286
2019-09-13T17:37:18.178;-0.707963781945;-0.130086878445;0.037455914074;0.720790023508;0;-5.18;0.003513765087;-0.019977630942;-0.000726339712;0.2017903
2019-09-14T17:37:18.178;-0.704170828409;-0.150010480019;0.036714874969;0.720907540356;0;-5.18;0.004071602234;-0.019866984956;-0.000755639544;0.2051336
2019-09-15T17:37:18.178;-0.699821746321;-0.169815610475;0.035944839714;0.721026941027;0;-5.18;0.004625949664;-0.019740707298;-0.000784328311;0.2083134
2019-09-16T17:37:18.178;-0.694920244898;-0.189486695209;0.03514643055;0.721148130421;0;-5.18;0.005176369039;-0.01959891413;-0.000812383755;0.2113275
2019-09-17T17:37:18.178;-0.68947046969;-0.209008281977;0.034320291696;0.721271012125;0;-5.18;0.005722426084;-0.019441733979;-0.000839784177;0.2141734
2019-09-18T17:37:18.178;-0.683476998347;-0.228365053175;0.033467088784;0.721395488489;0;-5.18;0.006263690935;-0.019269307579;-0.000866508452;0.2168493
2019-09-19T17:37:18.178;-0.67694483603;-0.247541837974;0.032587508278;0.721521460714;0;-5.18;0.006799738482;-0.019081787708;-0.000892536046;0.2193532
2019-09-20T17:37:18.178;-0.669879410489;-0.266523624264;0.031682256876;0.721648828925;0;-5.18;0.00733014871;-0.018879339004;-0.000917847028;0.2216832
2019-09-21T17:37:18.178;-0.662286566808;-0.285295570433;0.030752060895;0.72177749226;0;-5.18;0.007854507021;-0.018662137789;-0.000942422087;0.2238378
2019-09-22T17:37:18.178;-0.654172561821;-0.303843016949;0.029797665649;0.721907348949;0;-5.18;0.008372404562;-0.018430371864;-0.000966242545;0.2258155
2019-09-23T17:37:18.178;-0.645544058211;-0.322151497736;0.028819834811;0.722038296397;0;-5.18;0.008883438536;-0.018184240314;-0.000989290369;0.2276148
2019-09-24T17:37:18.178;-0.636408118301;-0.340206751358;0.027819349757;0.722170231268;0;-5.18;0.009387212507;-0.017923953292;-0.001011548183;0.2292346
2019-09-25T17:37:18.178;-0.626772197542;-0.35799473197;0.026797008906;0.722303049569;0;-5.18;0.009883336701;-0.017649731796;-0.001032999278;0.2306739
2019-09-26T17:37:18.178;-0.616644137708;-0.37550162006;0.025753627046;0.722436646733;0;-5.18;0.010371428294;-0.017361807449;-0.001053627628;0.2319316
2019-09-27T17:37:18.178;-0.6060321598;-0.392713832949;0.024690034648;0.722570917705;0;-5.18;0.010851111694;-0.017060422259;-0.001073417894;0.2330071
2019-09-28T17:37:18.178;-0.594944856684;-0.409618035056;0.023607077174;0.722705757021;0;-5.18;0.011322018813;-0.016745828378;-0.001092355438;0.2338997
2019-09-29T17:37:18.178;-0.583391185447;-0.426201147925;0.022505614369;0.722841058898;0;-5.18;0.011783789331;-0.016418287856;-0.001110426327;0.2346088
2019-09-30T17:37:18.178;-0.571380459507;-0.442450359988;0.021386519554;0.722976717314;0;-5.18;0.01223607095;-0.016078072383;-0.001127617347;0.2351343
2019-10-01T17:37:18.178;-0.55892234046;-0.458353136081;0.020250678905;0.723112626094;0;-5.18;0.012678519645;-0.015725463033;-0.001143916005;0.2354758
2019-10-02T17:37:18.178;-0.546026829695;-0.473897226694;0.019098990723;0.723248678991;0;-5.18;0.013110799895;-0.015360749995;-0.001159310539;0.2356334
2019-10-03T17:37:18.178;-0.532704259772;-0.489070676948;0.017932364707;0.723384769769;0;-5.18;0.013532584914;-0.014984232301;-0.001173789922;0.235607
2019-10-04T17:37:18.178;-0.518965285575;-0.503861835305;0.016751721211;0.723520792288;0;-5.18;0.01394355687;-0.014596217555;-0.001187343869;0.235397
2019-10-05T17:37:18.178;-0.504820875257;-0.518259361996;0.015557990501;0.723656640583;0;-5.18;0.014343407096;-0.014197021647;-0.001199962841;0.2350038
2019-10-06T17:37:18.178;-0.49028230097;-0.53225223717;0.014352112006;0.723792208949;0;-5.18;0.014731836285;-0.013786968474;-0.00121163805;0.2344278
2019-10-07T17:37:18.178;-0.47536112941;-0.545829768751;0.013135033569;0.723927392019;0;-5.18;0.015108554687;-0.013366389645;-0.001222361461;0.2336696
2019-10-08T17:37:18.178;-0.46006921217;-0.558981600009;0.011907710689;0.724062084844;0;-5.18;0.01547328229;-0.012935624197;-0.001232125795;0.2327302
2019-10-09T17:37:18.178;-0.444418675914;-0.571697716837;0.010671105764;0.724196182975;0;-5.18;0.015825748987;-0.012495018293;-0.001240924534;0.2316104
2019-10-10T17:37:18.178;-0.428421912387;-0.583968454731;0.009426187331;0.72432958254;0;-5.18;0.016165694747;-0.012044924927;-0.001248751917;0.2303113
2019-10-11T17:37:18.178;-0.412091568265;-0.595784505472;0.008173929307;0.724462180322;0;-5.18;0.016492869766;-0.011585703625;-0.001255602947;0.2288341
2019-10-12T17:37:18.178;-0.395440534855;-0.607136923501;0.006915310224;0.724593873836;0;-5.18;0.016807034607;-0.011117720137;-0.001261473389;0.2271802
2019-10-13T17:37:18.178;-0.378481937654;-0.618017131999;0.00565131247;0.724724561407;0;-5.18;0.017107960346;-0.010641346139;-0.001266359767;0.2253509
2019-10-14T17:37:18.178;-0.361229125779;-0.628416928651;0.004382921526;0.724854142243;0;-5.18;0.017395428689;-0.010156958921;-0.00127025937;0.2233479
2019-10-15T17:37:18.178;-0.343695661273;-0.638328491113;0.003111125206;0.724982516509;0;-5.18;0.017669232095;-0.009664941082;-0.001273170243;0.2211729
2019-10-16T17:37:18.178;-0.325895308299;-0.647744382162;0.0018369129;0.725109585403;0;-5.18;0.017929173883;-0.009165680219;-0.001275091192;0.2188278
2019-10-17T17:37:18.178;-0.307842022228;-0.656657554542;0.000561274813;0.725235251223;0;-5.18;0.018175068332;-0.008659568617;-0.001276021775;0.2163145
2019-10-18T17:37:18.178;-0.289549938634;-0.665061355496;-0.000714798784;0.725359417444;0;-5.18;0.018406740772;-0.008147002941;-0.001275962306;0.2136352
2019-10-19T17:37:18.178;-0.271033362201;-0.672949530988;-0.00199031831;0.725481988784;0;-5.18;0.018624027668;-0.00762838392;-0.001274913847;0.210792
2019-10-20T17:37:18.178;-0.252306755549;-0.680316229616;-0.003264295617;0.725602871273;0;-5.18;0.01882677669;-0.00710411604;-0.001272878204;0.2077872
2019-10-21T17:37:18.178;-0.233384727999;-0.687156006208;-0.004535744735;0.725721972322;0;-5.18;0.019014846781;-0.006574607231;-0.001269857926;0.2046234
2019-10-22T17:37:18.178;-0.214282024266;-0.693463825114;-0.005803682611;0.725839200786;0;-5.18;0.019188108216;-0.006040268556;-0.001265856296;0.2013031
2019-10-23T17:37:18.178;-0.195013513108;-0.699235063184;-0.007067129842;0.725954467033;0;-5.18;0.019346442644;-0.005501513899;-0.001260877331;0.1978289
2019-10-24T17:37:18.178;-0.175594175928;-0.70446551243;-0.008325111402;0.726067683004;0;-5.18;0.019489743135;-0.004958759658;-0.001254925768;0.1942036
2019-10-25T17:37:18.178;-0.156039095332;-0.709151382389;-0.009576657366;0.726178762277;0;-5.18;0.01961791421;-0.004412424432;-0.001248007068;0.1904301
2019-10-26T17:37:18.178;-0.136363443674;-0.713289302171;-0.010820803624;0.726287620129;0;-5.18;0.019730871866;-0.003862928718;-0.001240127401;0.1865115
2019-10-27T17:37:18.178;-0.116582471566;-0.716876322199;-0.012056592588;0.726394173594;0;-5.18;0.019828543591;-0.003310694599;-0.001231293642;0.1824508
2019-10-28T17:37:18.178;-0.09671149638;-0.719909915645;-0.013283073897;0.726498341518;0;-5.18;0.019910868375;-0.002756145442;-0.001221513365;0.1782511
2019-10-29T17:37:18.178;-0.076765890748;-0.722387979562;-0.014499305107;0.726600044623;0;-5.18;0.019977796712;-0.002199705591;-0.001210794832;0.1739158
2019-10-30T17:37:18.178;-0.05676107106;-0.724308835708;-0.015704352379;0.726699205556;0;-5.18;0.020029290593;-0.001641800068;-0.001199146988;0.1694484
2019-10-31T17:37:18.178;-0.03671248597;-0.725671231077;-0.016897291156;0.726795748947;0;-5.18;0.020065323494;-0.00108285427;-0.001186579449;0.1648521
2019-11-01T17:37:18.178;-0.016635604926;-0.72647433812;-0.018077206829;0.726889601456;0;-5.18;0.020085880354;-0.000523293672;-0.001173102497;0.1601307
2019-11-02T17:37:18.178;0.003454093288;-0.726717754678;-0.019243195399;0.72698069183;0;-5.18;0.020090957553;0.000036456472;-0.001158727067;0.1552877
2019-11-03T17:37:18.178;0.023541131966;-0.726401503614;-0.020394364124;0.727068950949;0;-5.18;0.020080562869;0.00059597142;-0.001143464739;0.1503269
2019-11-04T17:37:18.178;0.043610047869;-0.725526032151;-0.021529832163;0.727154311874;0;-5.18;0.020054715447;0.001154827236;-0.001127327727;0.1452521
2019-11-05T17:37:18.178;0.063645402561;-0.724092210924;-0.022648731199;0.727236709891;0;-5.18;0.020013445746;0.001712601081;-0.001110328872;0.1400672
2019-11-06T17:37:18.178;0.083631793701;-0.722101332741;-0.023750206066;0.727316082561;0;-5.18;0.019956795485;0.002268871498;-0.001092481625;0.1347762
2019-11-07T17:37:18.178;0.10355386627;-0.719555111054;-0.02483341535;0.727392369757;0;-5.18;0.019884817587;0.002823218696;-0.001073800044;0.1293832
2019-11-08T17:37:18.178;0.123396323746;-0.716455678154;-0.025897531991;0.727465513709;0;-5.18;0.019797576107;0.003375224836;-0.001054298775;0.1238921
2019-11-09T17:37:18.178;0.143143939194;-0.71280558308;-0.026941743868;0.72753545904;0;-5.18;0.019695146162;0.003924474305;-0.001033993046;0.1183073
2019-11-10T17:37:18.178;0.1627815663;-0.708607789254;-0.027965254372;0.727602152808;0;-5.18;0.019577613855;0.004470553998;-0.001012898653;0.112633
2019-11-11T17:37:18.178;0.182294150301;-0.703865671835;-0.028967282969;0.727665544536;0;-5.18;0.019445076183;0.005013053586;-0.000991031948;0.1068734
2019-11-12T17:37:18.178;0.201666738846;-0.69858301481;-0.02994706575;0.727725586252;0;-5.18;0.019297640955;0.00555156579;-0.000968409826;0.1010329
2019-11-13T17:37:18.178;0.220884492754;-0.692764007807;-0.030903855968;0.727782232516;0;-5.18;0.019135426687;0.006085686648;-0.000945049716;0.0951159
2019-11-14T17:37:18.178;0.239932696671;-0.68641324265;-0.031836924563;0.727835440455;0;-5.18;0.018958562507;0.006615015777;-0.000920969562;0.089127
2019-11-15T17:37:18.178;0.258796769633;-0.679535709643;-0.032745560675;0.727885169787;0;-5.18;0.018767188045;0.007139156637;-0.000896187816;0.0830706
2019-11-16T17:37:18.178;0.277462275505;-0.672136793607;-0.033629072143;0.727931382853;0;-5.18;0.018561453318;0.007657716783;-0.00087072342;0.0769512
2019-11-17T17:37:18.178;0.295914933315;-0.664222269648;-0.034486785988;0.727974044636;0;-5.18;0.018341518615;0.008170308126;-0.000844595797;0.0707736
2019-11-18T17:37:18.178;0.314140627463;-0.655798298683;-0.035318048887;0.728013122791;0;-5.18;0.018107554374;0.00867654718;-0.000817824833;0.0645422
2019-11-19T17:37:18.178;0.332125417805;-0.64687142271;-0.036122227629;0.728048587664;0;-5.18;0.017859741049;0.009176055309;-0.000790430866;0.0582618
2019-11-20T17:37:18.178;0.349855549608;-0.637448559834;-0.036898709563;0.728080412312;0;-5.18;0.017598268986;0.009668458972;-0.000762434671;0.0519372
2019-11-21T17:37:18.178;0.367317463366;-0.627536999054;-0.037646903026;0.728108572524;0;-5.18;0.017323338276;0.010153389965;-0.000733857447;0.045573
2019-11-22T17:37:18.178;0.384497804481;-0.61714439481;-0.038366237755;0.728133046836;0;-5.18;0.017035158618;0.010630485654;-0.0007047208;0.039174
2019-11-23T17:37:18.178;0.40138343279;-0.606278761288;-0.039056165296;0.728153816549;0;-5.18;0.016733949168;0.011099389214;-0.00067504673;0.0327451
2019-11-24T17:37:18.178;0.417961431957;-0.594948466501;-0.039716159383;0.72817086574;0;-5.18;0.016419938391;0.011559749857;-0.000644857618;0.026291
2019-11-25T17:37:18.178;0.434219118693;-0.583162226141;-0.040345716315;0.728184181276;0;-5.18;0.016093363898;0.012011223057;-0.000614176206;0.0198166
2019-11-26T17:37:18.178;0.450144051829;-0.570929097196;-0.040944355308;0.728193752825;0;-5.18;0.015754472292;0.012453470776;-0.000583025587;0.0133267
2019-11-27T17:37:18.178;0.465724041221;-0.558258471363;-0.04151161884;0.728199572863;0;-5.18;0.015403518994;0.012886161683;-0.000551429188;0.0068262
2019-11-28T17:37:18.178;0.480947156485;-0.545160068223;-0.042047072976;0.728201636679;0;-5.18;0.015040768077;0.013308971369;-0.000519410751;0.00032
2019-11-29T17:37:18.178;0.495801735563;-0.531643928221;-0.042550307674;0.728199942382;0;-5.18;0.014666492089;0.013721582557;-0.000486994323;-0.006187
2019-11-30T17:37:18.178;0.510276393106;-0.517720405424;-0.043020937086;0.728194490902;0;-5.18;0.014280971875;0.014123685315;-0.000454204238;-0.0126899
2019-12-01T17:37:18.178;0.524360028678;-0.503400160074;-0.043458599833;0.728185285993;0;-5.18;0.013884496389;0.014514977257;-0.000421065097;-0.019184
2019-12-02T17:37:18.178;0.538041834777;-0.488694150946;-0.043862959265;0.728172334228;0;-5.18;0.013477362509;0.014895163743;-0.000387601759;-0.0256642
2019-12-03T17:37:18.178;0.551311304658;-0.473613627498;-0.044233703713;0.728155644997;0;-5.18;0.013059874844;0.015263958078;-0.000353839319;-0.0321257
2019-12-04T17:37:18.178;0.564158239966;-0.458170121836;-0.044570546714;0.728135230503;0;-5.18;0.012632345533;0.0156210817;-0.000319803094;-0.0385636
2019-12-05T17:37:18.178;0.576572758169;-0.442375440479;-0.044873227227;0.728111105754;0;-5.18;0.012195094049;0.015966264371;-0.000285518607;-0.0449732
2019-12-06T17:37:18.178;0.588545299786;-0.426241655947;-0.045141509828;0.728083288556;0;-5.18;0.011748446991;0.016299244363;-0.000251011568;-0.0513494
2019-12-07T17:37:18.178;0.600066635411;-0.409781098163;-0.045375184892;0.728051799496;0;-5.18;0.011292737873;0.016619768631;-0.00021630786;-0.0576877
2019-12-08T17:37:18.178;0.611127872521;-0.393006345678;-0.045574068752;0.728016661937;0;-5.18;0.010828306913;0.016927592996;-0.000181433519;-0.0639831
2019-12-09T17:37:18.178;0.621720462071;-0.37593021672;-0.045738003853;0.727977901998;0;-5.18;0.010355500813;0.01722248231;-0.00014641472;-0.0702309
2019-12-10T17:37:18.178;0.631836204869;-0.35856576008;-0.045866858872;0.727935548539;0;-5.18;0.009874672539;0.017504210628;-0.000111277758;-0.0764263
2019-12-11T17:37:18.178;0.641467257724;-0.340926245828;-0.045960528835;0.727889633143;0;-5.18;0.009386181095;0.017772561364;-0.00007604903;-0.0825648
2019-12-12T17:37:18.178;0.650606139374;-0.323025155875;-0.046018935211;0.727840190094;0;-5.18;0.008890391291;0.018027327454;-0.000040755021;-0.0886415
2019-12-13T17:37:18.178;0.659245736171;-0.304876174371;-0.046042025989;0.727787256357;0;-5.18;0.008387673512;0.018268311506;-0.000005422282;-0.0946519
2019-12-14T17:37:18.178;0.667379307544;-0.286493177963;-0.046029775735;0.727730871553;0;-5.18;0.007878403478;0.01849532595;0.000029922584;-0.1005915
2019-12-15T17:37:18.178;0.675000491205;-0.267890225901;-0.045982185637;0.72767107793;0;-5.18;0.007362962006;0.018708193177;0.000065252941;-0.1064556
2019-12-16T17:37:18.178;0.682103308133;-0.24908155;-0.045899283527;0.727607920342;0;-5.18;0.006841734761;0.018906745684;0.000100542138;-0.1122399
2019-12-17T17:37:18.178;0.68868216729;-0.230081544477;-0.045781123888;0.727541446212;0;-5.18;0.006315112009;0.019090826201;0.000135763527;-0.1179398
2019-12-18T17:37:18.178;0.6947318701;-0.210904755649;-0.045627787844;0.727471705506;0;-5.18;0.005783488364;0.019260287822;0.000170890481;-0.123551
2019-12-19T17:37:18.178;0.700247614668;-0.191565871504;-0.045439383126;0.727398750695;0;-5.18;0.00524726253;0.019414994129;0.000205896411;-0.1290692
2019-12-20T17:37:18.178;0.705224999743;-0.172079711161;-0.04521604403;0.727322636725;0;-5.18;0.004706837043;0.019554819305;0.000240754785;-0.1344902
2019-12-21T17:37:18.178;0.709660028413;-0.152461214204;-0.044957931345;0.727243420977;0;-5.18;0.004162618006;0.019679648252;0.000275439146;-0.1398097
2019-12-22T17:37:18.178;0.713549111543;-0.132725429918;-0.044665232274;0.727161163226;0;-5.18;0.003615014822;0.019789376691;0.000309923129;-0.1450237
2019-12-23T17:37:18.178;0.716889070939;-0.11288750641;-0.044338160331;0.727075925607;0;-5.18;0.003064439923;0.01988391127;0.000344180482;-0.1501281
2019-12-24T17:37:18.178;0.719677142241;-0.092962679645;-0.043976955217;0.726987772567;0;-5.18;0.002511308496;0.019963169651;0.000378185082;-0.1551189
2019-12-25T17:37:18.178;0.721910977537;-0.072966262376;-0.043581882685;0.726896770822;0;-5.18;0.001956038204;0.020027080604;0.000411910955;-0.1599922
2019-12-26T17:37:18.178;0.7235886477;-0.052913633002;-0.043153234381;0.726802989314;0;-5.18;0.001399048909;0.020075584088;0.000445332291;-0.1647443
2019-12-27T17:37:18.178;0.724708644449;-0.032820224337;-0.042691327668;0.726706499161;0;-5.18;0.000840762384;0.020108631328;0.000478423468;-0.1693714
2019-12-28T17:37:18.178;0.725269882111;-0.012701512308;-0.042196505433;0.726607373609;0;-5.18;0.000281602027;0.020126184882;0.000511159064;-0.1738699
2019-12-29T17:37:18.178;0.725271699105;0.007426995409;-0.041669135875;0.72650568798;0;-5.18;-0.000278007427;0.020128218711;0.000543513881;-0.1782361
2019-12-30T17:37:18.178;0.72471385913;0.027549770821;-0.041109612272;0.726401519621;0;-5.18;-0.000837640202;0.020114718228;0.000575462961;-0.1824668
2019-12-31T17:37:18.178;0.723596552061;0.047651277098;-0.040518352733;0.726294947849;0;-5.18;-0.001396869777;0.020085680355;0.000606981603;-0.1865584
2020-01-01T17:37:18.178;0.721920394519;0.067715980353;-0.039895799924;0.726186053894;0;-5.18;-0.001955269187;0.02004111356;0.000638045384;-0.1905077
2020-01-02T17:37:18.178;0.719686430221;0.087728360541;-0.0392424208;0.726074920844;0;-5.18;-0.002512411312;0.019981037897;0.000668630176;-0.1943116
2020-01-03T17:37:18.178;0.716896129956;0.107672923545;-0.038558706287;0.725961633587;0;-5.18;-0.00306786919;0.019905485033;0.000698712163;-0.1979671
2020-01-04T17:37:18.178;0.713551391259;0.127534212824;-0.037845170959;0.725846278748;0;-5.18;-0.003621216321;0.01981449827;0.000728267863;-0.201471
2020-01-05T17:37:18.178;0.709654537807;0.147296820959;-0.037102352701;0.725728944628;0;-5.18;-0.004172026981;0.019708132559;0.000757274141;-0.2048207
2020-01-06T17:37:18.178;0.705208318489;0.166945401309;-0.03633081235;0.725609721138;0;-5.18;-0.004719876524;0.019586454503;0.000785708231;-0.2080133
2020-01-07T17:37:18.178;0.700215906172;0.186464679664;-0.035531133314;0.725488699742;0;-5.18;-0.005264341696;0.019449542358;0.000813547754;-0.2110462
2020-01-08T17:37:18.178;0.694680896148;0.205839465891;-0.034703921186;0.72536597338;0;-5.18;-0.00580500095;0.019297486025;0.000840770734;-0.213917
2020-01-09T17:37:18.178;0.688607304276;0.22505466557;-0.033849803322;0.72524163641;0;-5.18;-0.006341434762;0.019130387025;0.000867355614;-0.2166232
2020-01-10T17:37:18.178;0.681999564798;0.244095291606;-0.032969428417;0.725115784533;0;-5.18;-0.006873225942;0.018948358481;0.000893281279;-0.2191626
2020-01-11T17:37:18.178;0.674862527844;0.26294647581;-0.032063466056;0.724988514726;0;-5.18;-0.007399959957;0.018751525077;0.000918527069;-0.221533
2020-01-12T17:37:18.178;0.66720145662;0.281593480442;-0.031132606248;0.724859925168;0;-5.18;-0.007921225247;0.018540023018;0.000943072796;-0.2237325
2020-01-13T17:37:18.178;0.659022024273;0.300021709706;-0.030177558947;0.724730115171;0;-5.18;-0.008436613545;0.018313999977;0.000966898766;-0.225759
2020-01-14T17:37:18.178;0.650330310442;0.318216721186;-0.029199053548;0.724599185102;0;-5.18;-0.008945720193;0.018073615034;0.000989985789;-0.2276109
2020-01-15T17:37:18.178;0.641132797484;0.336164237223;-0.028197838375;0.72446723631;0;-5.18;-0.009448144466;0.017819038608;0.0010123152;-0.2292865
2020-01-16T17:37:18.178;0.631436366382;0.353850156215;-0.027174680148;0.72433437105;0;-5.18;-0.00994348989;0.017550452377;0.001033868876;-0.2307843
2020-01-17T17:37:18.178;0.621248292339;0.371260563828;-0.026130363436;0.724200692406;0;-5.18;-0.010431364561;0.017268049188;0.001054629249;-0.2321029
2020-01-18T17:37:18.178;0.610576240045;0.388381744125;-0.025065690087;0.724066304213;0;-5.18;-0.010911381462;0.016972032964;0.001074579323;-0.2332412
2020-01-19T17:37:18.178;0.59942825863;0.405200190583;-0.023981478656;0.723931310976;0;-5.18;-0.011383158785;0.016662618597;0.001093702691;-0.234198
2020-01-20T17:37:18.178;0.587812776299;0.421702617009;-0.022878563801;0.723795817793;0;-5.18;-0.011846320244;0.016340031829;0.00111198355;-0.2349723
2020-01-21T17:37:18.178;0.575738594651;0.437875968325;-0.02175779568;0.723659930271;0;-5.18;-0.012300495392;0.016004509129;0.001129406712;-0.2355634
2020-01-22T17:37:18.178;0.563214882684;0.453707431231;-0.02062003932;0.72352375445;0;-5.18;-0.012745319934;0.015656297559;0.001145957625;-0.2359706
2020-01-23T17:37:18.178;0.550251170483;0.469184444728;-0.019466173978;0.723387396712;0;-5.18;-0.01318043604;0.015295654627;0.001161622382;-0.2361933
2020-01-24T17:37:18.178;0.536857342606;0.484294710482;-0.018297092492;0.723250963708;0;-5.18;-0.013605492654;0.014922848134;0.001176387738;-0.2362312
2020-01-25T17:37:18.178;0.523043631154;0.499026203043;-0.017113700607;0.723114562267;0;-5.18;-0.014020145797;0.014538156013;0.00119024112;-0.236084
2020-01-26T17:37:18.178;0.508820608537;0.513367179885;-0.015916916297;0.722978299314;0;-5.18;-0.014424058877;0.01414186615;0.001203170644;-0.2357516
2020-01-27T17:37:18.178;0.494199179945;0.527306191272;-0.014707669074;0.722842281789;0;-5.18;-0.014816902985;0.013734276204;0.001215165125;-0.2352341
2020-01-28T17:37:18.178;0.479190575512;0.540832089934;-0.013486899278;0.722706616556;0;-5.18;-0.015198357193;0.013315693414;0.00122621409;-0.2345317
2020-01-29T17:37:18.178;0.463806342186;0.55393404055;-0.012255557363;0.722571410324;0;-5.18;-0.015568108846;0.012886434398;0.001236307788;-0.2336447
2020-01-30T17:37:18.178;0.448058335315;0.566601529014;-0.011014603167;0.722436769558;0;-5.18;-0.01592585385;0.012446824936;0.001245437205;-0.2325736
2020-01-31T17:37:18.178;0.431958709942;0.578824371494;-0.00976500517;0.722302800394;0;-5.18;-0.016271296961;0.011997199752;0.001253594069;-0.2313191
2020-02-01T17:37:18.178;0.415519911817;0.590592723257;-0.008507739748;0.722169608552;0;-5.18;-0.016604152054;0.011537902281;0.001260770865;-0.229882
2020-02-02T17:37:18.178;0.398754668137;0.601897087264;-0.00724379041;0.722037299256;0;-5.18;-0.016924142404;0.011069284428;0.001266960841;-0.2282631
2020-02-03T17:37:18.178;0.381675978014;0.612728322513;-0.005974147033;0.721905977144;0;-5.18;-0.017231000953;0.010591706321;0.00127215802;-0.2264636
2020-02-04T17:37:18.178;0.36429710268;0.623077652132;-0.004699805077;0.721775746181;0;-5.18;-0.017524470565;0.010105536044;0.001276357205;-0.2244848
2020-02-05T17:37:18.178;0.346631555431;0.632936671206;-0.003421764809;0.721646709583;0;-5.18;-0.01780430429;0.009611149378;0.001279553989;-0.2223279
2020-02-06T17:37:18.178;0.328693091319;0.642297354332;-0.002141030502;0.721518969725;0;-5.18;-0.018070265604;0.009108929515;0.001281744761;-0.2199946
2020-02-07T17:37:18.178;0.310495696606;0.651152062887;-0.000858609642;0.721392628063;0;-5.18;-0.018322128654;0.008599266777;0.001282926714;-0.2174864
2020-02-08T17:37:18.178;0.292053577975;0.659493552015;0.000424487884;0.721267785047;0;-5.18;-0.018559678491;0.008082558317;0.001283097848;-0.2148052
2020-02-09T17:37:18.178;0.273381151511;0.667314977302;0.001707250593;0.721144540046;0;-5.18;-0.018782711293;0.007559207816;0.001282256976;-0.2119529
2020-02-10T17:37:18.178;0.254493031467;0.674609901152;0.002988666227;0.721022991258;0;-5.18;-0.018991034584;0.007029625171;0.001280403731;-0.2089317
2020-02-11T17:37:18.178;0.235404018811;0.68137229884;0.004267722569;0.720903235639;0;-5.18;-0.019184467443;0.006494226172;0.001277538565;-0.2057437
2020-02-12T17:37:18.178;0.216129089573;0.687596564244;0.005543408265;0.720785368813;0;-5.18;-0.019362840699;0.005953432173;0.001273662755;-0.2023914
2020-02-13T17:37:18.178;0.196683382997;0.693277515238;0.006814713654;0.720669484995;0;-5.18;-0.019525997127;0.005407669756;0.001268778405;-0.1988772
2020-02-14T17:37:18.178;0.177082189504;0.698410398752;0.008080631591;0.720555676913;0;-5.18;-0.019673791624;0.004857370388;0.001262888446;-0.1952038
2020-02-15T17:37:18.178;0.157340938487;0.702990895479;0.009340158276;0.720444035721;0;-5.18;-0.01980609138;0.004302970065;0.001255996638;-0.1913739
2020-02-16T17:37:18.178;0.137475185931;0.707015124225;0.010592294086;0.720334650925;0;-5.18;-0.01992277604;0.00374490896;0.00124810757;-0.1873906
2020-02-17T17:37:18.178;0.117500601891;0.710479645907;0.011836044396;0.720227610301;0;-5.18;-0.020023737849;0.003183631053;0.001239226656;-0.1832568
2020-02-18T17:37:18.178;0.097432957812;0.713381467176;0.013070420412;0.720122999818;0;-5.18;-0.020108881794;0.002619583768;0.001229360137;-0.1789758
2020-02-19T17:37:18.178;0.077288113734;0.71571804367;0.014294439992;0.720020903567;0;-5.18;-0.020178125725;0.00205321759;0.001218515078;-0.1745508
2020-02-20T17:37:18.178;0.057082005362;0.717487282889;0.015507128468;0.71992140368;0;-5.18;-0.020231400474;0.001484985692;0.001206699362;-0.1699854
2020-02-21T17:37:18.178;0.036830631034;0.718687546686;0.016707519464;0.719824580263;0;-5.18;-0.020268649957;0.00091534354;0.001193921688;-0.165283
2020-02-22T17:37:18.178;0.016550038592;0.71931765337;0.01789465571;0.719730511323;0;-5.18;-0.020289831263;0.00034474851;0.001180191564;-0.1604475
2020-02-23T17:37:18.178;-0.003743687832;0.719376879415;0.019067589844;0.719639272704;0;-5.18;-0.020294914736;-0.00022634051;0.001165519306;-0.1554825
2020-02-24T17:37:18.178;-0.024034441105;0.718864960774;0.020225385221;0.719550938013;0;-5.18;-0.020283884036;-0.000797463519;0.001149916024;-0.1503921
2020-02-25T17:37:18.178;-0.04430610444;0.717782093791;0.021367116702;0.719465578561;0;-5.18;-0.020256736198;-0.001368159804;0.00113339362;-0.1451802
2020-02-26T17:37:18.178;-0.064542564787;0.716128935714;0.022491871444;0.719383263301;0;-5.18;-0.02021348167;-0.001937968344;0.001115964779;-0.1398511
2020-02-27T17:37:18.178;-0.084727726266;0.713906604793;0.023598749673;0.719304058762;0;-5.18;-0.02015414434;-0.00250642822;0.001097642959;-0.1344088
2020-02-28T17:37:18.178;-0.104845523613;0.711116679978;0.024686865457;0.719228028995;0;-5.18;-0.020078761555;-0.003073079022;0.00107844238;-0.1288578
2020-02-29T17:37:18.178;-0.124879935641;0.707761200207;0.025755347462;0.719155235514;0;-5.18;-0.019987384114;-0.00363746126;0.001058378016;-0.1232026
2020-03-01T17:37:18.178;-0.144814998686;0.703842663274;0.026803339698;0.719085737245;0;-5.18;-0.019880076264;-0.004199116775;0.001037465582;-0.1174476
2020-03-02T17:37:18.178;-0.164634820046;0.699364024295;0.027830002257;0.719019590467;0;-5.18;-0.019756915669;-0.004757589155;0.00101572152;-0.1115974
2020-03-03T17:37:18.178;-0.184323591378;0.694328693755;0.028834512033;0.718956848771;0;-5.18;-0.019617993372;-0.005312424142;0.00099316299;-0.1056569
2020-03-04T17:37:18.178;-0.20386560205;0.688740535148;0.029816063428;0.718897563004;0;-5.18;-0.019463413744;-0.005863170048;0.000969807852;-0.0996307
2020-03-05T17:37:18.178;-0.223245252439;0.682603862198;0.030773869056;0.718841781229;0;-5.18;-0.019293294413;-0.006409378164;0.000945674656;-0.0935237
2020-03-06T17:37:18.178;-0.242447067148;0.675923435682;0.031707160411;0.718789548682;0;-5.18;-0.019107766186;-0.00695060317;0.000920782621;-0.0873408
2020-03-07T17:37:18.178;-0.261455708138;0.668704459831;0.03261518854;0.718740907726;0;-5.18;-0.018906972956;-0.007486403541;0.000895151624;-0.0810872
2020-03-08T17:37:18.178;-0.280255987764;0.660952578334;0.033497224684;0.718695897822;0;-5.18;-0.01869107159;-0.008016341951;0.000868802178;-0.0747677
2020-03-09T17:37:18.178;-0.298832881686;0.65267386994;0.034352560915;0.718654555486;0;-5.18;-0.018460231813;-0.00853998568;0.00084175542;-0.0683875
2020-03-10T17:37:18.178;-0.317171541665;0.643874843648;0.035180510742;0.718616914261;0;-5.18;-0.018214636068;-0.009056907005;0.000814033091;-0.0619519
2020-03-11T17:37:18.178;-0.335257308201;0.634562433521;0.035980409706;0.718583004684;0;-5.18;-0.01795447937;-0.009566683596;0.000785657513;-0.055466
2020-03-12T17:37:18.178;-0.353075723035;0.624743993085;0.03675161596;0.718552854262;0;-5.18;-0.017679969146;-0.010068898909;0.000756651575;-0.0489352
2020-03-13T17:37:18.178;-0.370612541465;0.614427289363;0.037493510815;0.718526487443;0;-5.18;-0.017391325057;-0.010563142566;0.00072703871;-0.0423646
2020-03-14T17:37:18.178;-0.387853744492;0.603620496513;0.038205499283;0.7185039256;0;-5.18;-0.017088778812;-0.011049010734;0.000696842877;-0.0357598
2020-03-15T17:37:18.178;-0.404785550771;0.592332189097;0.038887010584;0.718485187005;0;-5.18;-0.016772573968;-0.011526106499;0.000666088533;-0.029126
2020-03-16T17:37:18.178;-0.421394428349;0.580571334978;0.039537498641;0.718470286818;0;-5.18;-0.016442965718;-0.01199404023;0.00063480062;-0.0224686
2020-03-17T17:37:18.178;-0.43766710619;0.568347287858;0.040156442548;0.718459237072;0;-5.18;-0.016100220662;-0.01245242994;0.000603004537;-0.0157931
2020-03-18T17:37:18.178;-0.453590585469;0.555669779457;0.040743347017;0.718452046663;0;-5.18;-0.015744616573;-0.012900901634;0.000570726117;-0.009105
2020-03-19T17:37:18.178;-0.469152150617;0.54254891135;0.041297742803;0.718448721341;0;-5.18;-0.015376442151;-0.013339089657;0.000537991607;-0.0024096
2020-03-20T17:37:18.178;-0.484339380119;0.528995146458;0.041819187104;0.718449263706;0;-5.18;-0.014995996755;-0.013766637021;0.000504827642;0.0042876
2020-03-21T17:37:18.178;-0.49914015704;0.515019300214;0.042307263934;0.718453673206;0;-5.18;-0.014603590138;-0.014183195741;0.000471261219;0.0109811
2020-03-22T17:37:18.178;-0.513542679278;0.500632531408;0.04276158448;0.718461946139;0;-5.18;-0.014199542163;-0.014588427141;0.000437319676;0.0176654
2020-03-23T17:37:18.178;-0.527535469527;0.485846332717;0.043181787425;0.718474075655;0;-5.18;-0.01378418251;-0.014982002169;0.000403030667;0.0243352
2020-03-24T17:37:18.178;-0.541107384947;0.470672520934;0.043567539252;0.718490051764;0;-5.18;-0.013357850372;-0.015363601691;0.000368422132;0.0309849
2020-03-25T17:37:18.178;-0.554247626519;0.455123226909;0.043918534518;0.718509861344;0;-5.18;-0.012920894148;-0.015732916776;0.000333522279;0.0376093
2020-03-26T17:37:18.178;-0.566945748091;0.439210885202;0.04423449611;0.718533488158;0;-5.18;-0.012473671114;-0.016089648974;0.000298359549;0.0442028
2020-03-27T17:37:18.178;-0.57919166509;0.422948223472;0.044515175463;0.718560912863;0;-5.18;-0.0120165471;-0.016433510578;0.000262962599;0.0507601
2020-03-28T17:37:18.178;-0.590975662909;0.406348251604;0.044760352767;0.718592113032;0;-5.18;-0.011549896144;-0.01676422488;0.00022736027;0.057276
2020-03-29T17:37:18.178;-0.602288404943;0.389424250592;0.04496983713;0.718627063176;0;-5.18;-0.011074100154;-0.01708152641;0.000191581563;0.0637451
2020-03-30T17:37:18.178;-0.613120940279;0.37218976118;0.045143466735;0.718665734764;0;-5.18;-0.010589548546;-0.017385161168;0.000155655611;0.0701622
2020-03-31T17:37:18.178;-0.623464711025;0.354658572288;0.045281108949;0.718708096252;0;-5.18;-0.010096637886;-0.017674886839;0.000119611655;0.0765221
2020-04-01T17:37:18.178;-0.63331155928;0.336844709221;0.045382660427;0.718754113111;0;-5.18;-0.009595771525;-0.017950472997;0.000083479016;0.0828196
2020-04-02T17:37:18.178;-0.642653733728;0.31876242168;0.045448047168;0.718803747862;0;-5.18;-0.00908735922;-0.018211701301;0.000047287066;0.0890497
2020-04-03T17:37:18.178;-0.651483895857;0.300426171592;0.045477224563;0.718856960106;0;-5.18;-0.008571816757;-0.01845836567;0.000011065206;0.0952073
2020-04-04T17:37:18.178;-0.659795125799;0.281850620762;0.045470177405;0.718913706563;0;-5.18;-0.008049565571;-0.018690272452;-0.000025157163;0.1012875
2020-04-05T17:37:18.178;-0.667580927775;0.263050618365;0.045426919875;0.718973941114;0;-5.18;-0.007521032348;-0.018907240577;-0.000061350669;0.1072855
2020-04-06T17:37:18.178;-0.674835235163;0.244041188299;0.045347495506;0.719037614838;0;-5.18;-0.00698664864;-0.019109101694;-0.000097485988;0.1131963
2020-04-07T17:37:18.178;-0.681552415155;0.224837516395;0.045231977113;0.719104676063;0;-5.18;-0.006446850465;-0.0192957003;-0.00013353388;0.1190153
2020-04-08T17:37:18.178;-0.68772727303;0.205454937513;0.045080466704;0.719175070408;0;-5.18;-0.005902077907;-0.019466893855;-0.000169465206;0.1247379
2020-04-09T17:37:18.178;-0.693355056016;0.185908922534;0.044893095362;0.719248740835;0;-5.18;-0.005352774716;-0.019622552877;-0.000205250959;0.1303594
2020-04-10T17:37:18.178;-0.698431456754;0.166215065249;0.0446700231;0.719325627698;0;-5.18;-0.004799387901;-0.019762561029;-0.000240862289;0.1358754
2020-04-11T17:37:18.178;-0.702952616354;0.146389069183;0.044411438694;0.7194056688;0;-5.18;-0.004242367327;-0.019886815194;-0.000276270527;0.1412815
2020-04-12T17:37:18.178;-0.706915127052;0.126446734339;0.044117559484;0.71948879945;0;-5.18;-0.003682165307;-0.019995225534;-0.000311447211;0.1465735
2020-04-13T17:37:18.178;-0.710316034446;0.106403943903;0.043788631164;0.719574952516;0;-5.18;-0.003119236194;-0.020087715532;-0.000346364109;0.1517472
2020-04-14T17:37:18.178;-0.713152839339;0.086276650899;0.043424927528;0.719664058487;0;-5.18;-0.002554035974;-0.020164222026;-0.000380993247;0.1567985
2020-04-15T17:37:18.178;-0.715423499169;0.066080864824;0.043026750211;0.719756045541;0;-5.18;-0.001987021862;-0.02022469523;-0.000415306928;0.1617235
2020-04-16T17:37:18.178;-0.717126429029;0.045832638273;0.042594428392;0.7198508396;0;-5.18;-0.001418651891;-0.020269098735;-0.000449277761;0.1665183
2020-04-17T17:37:18.178;-0.718260502286;0.025548053561;0.042128318481;0.719948364401;0;-5.18;-0.000849384513;-0.020297409505;-0.00048287868;0.1711792
2020-04-18T17:37:18.178;-0.718825050801;0.00524320936;0.041628803782;0.720048541563;0;-5.18;-0.000279678191;-0.020309617856;-0.000516082967;0.1757026
2020-04-19T17:37:18.178;-0.718819864733;-0.015065792638;0.041096294131;0.720151290656;0;-5.18;0.000290008997;-0.020305727418;-0.000548864277;0.180085
2020-04-20T17:37:18.178;-0.718245191962;-0.035362861011;0.040531225516;0.720256529271;0;-5.18;0.000859219758;-0.020285755097;-0.000581196658;0.1843231
2020-04-21T17:37:18.178;-0.717101737103;-0.055631927856;0.039934059671;0.720364173092;0;-5.18;0.001427497977;-0.020249731009;-0.000613054571;0.1884135
